{"epochs": 10000, "lr": 0.0002, "batch_size": 128, "T": 1000, "beta_schedule": "1e-4 to 0.02", "_timestamp": 1695719778.9352584, "_runtime": 2014.4689364433289, "_step": 126, "epoch loss": 0.034067451399870406, "epoch rollout": {"_type": "image-file", "sha256": "5054abd6b128305a5c19650c3a92e1482b957e1c513a8b639eb0aec166060313", "size": 217819, "path": "media/images/epoch rollout_126_5054abd6b128305a5c19.png", "format": "png", "width": 384, "height": 320}, "_wandb": {"runtime": 2018}}